market,row,company,gap_type,have_decision_maker,decision_maker,have_phone,phone,what_is_missing
las-vegas,29,La Bonita Supermarkets,phone only,yes,Jaime Martinez   Co-founder & owner (with Sylvia Martinez; son Armando,no,,a published corporate phone only — store lines exist but no head-office number was found
las-vegas,149,Cragin & Pike Insurance,phone only,yes,"Scott Kerestesi   CEO (Tom Burns, President; Todd Morse, COO; Dulcinea",no,,a published phone only
las-vegas,178,CraftHaus Brewery,phone only,yes,Wyndee Forrest   Co-founder & co-owner (with husband Dave Forrest),no,,a published phone only
pennsylvania,51,Le Bus Bakery,phone only,yes,David Braverman   Founder & owner,no,,a published phone number and a size figure
pennsylvania,124,Buckley & Company,phone only,yes,William Buckley   President (3rd generation; brothers also in the busi,no,,a published phone number — no company site or directory listing with a phone was found in this pass; the GBCA listing gives only the 3401 Moore St address.
pennsylvania,160,Walnut Capital,phone only,yes,"Gregg Perelman   CEO & co-founder (Todd Reidbord, President & co-found",no,,"a published company phone, and a size figure precise enough to settle B vs. C"
chicago,52,Vosges Haut-Chocolat,other,yes,"Katrina Markoff   Founder & CEO (sister Natalie Markoff, Creative Mark",no,,a published phone number and a size figure; ownership presumed founder-held (not stated)
chicago,71,Old Veteran Construction,owner/DM,no,,no,,"ownership confirmation, decision-maker, phone. | Prior note: Minority-owned GC."
chicago,108,Rockford Industries,owner/DM,no,,no,,"ownership, decision-maker, phone. | Prior note: Verify current ownership. 88 mi."
chicago,112,Bergstrom Inc.,owner/DM,no,,no,,"ownership confirmation, decision-maker, phone. | Prior note: Climate systems. 88 mi."
chicago,166,CA Ventures,owner/DM,no,,no,,"ownership confirmation, decision-maker, phone. | Prior note: Founder-led. Verify stability."
chicago,168,Waterton,owner/DM,no,,no,,"ownership confirmation, decision-maker, phone. | Prior note: Founder-led real estate."
chicago,184,Greater Illinois Title,owner/DM,no,,no,,"ownership, decision-maker, phone. | Prior note: Regional."
chicago,195,Reliable Sprinkler,owner/DM,no,,no,,"identity/ownership, decision-maker, phone. | Prior note: Verify ownership."
chicago,225,Elmhurst BMW,owner/DM,no,,no,,"ownership, decision-maker, phone. | Prior note: Verify group ownership."
chicago,228,Lincolnwood Chrysler,owner/DM,no,,no,,"ownership, decision-maker, phone. | Prior note: Verify ownership."
chicago,229,Grossinger Auto Group,owner/DM,no,,no,,"ownership, decision-maker, phone. | Prior note: Verify — prior sale."
florida,101,Suncoast Beverage Sales,owner/DM,no,,no,,"ownership, decision-maker (a general manager, Tim Mitchell, is named only in a 2009 trade piece), phone"
florida,117,Wayne Densch Inc.,owner/DM,no,,no,,"current ownership, decision-maker, phone"
florida,146,Studer Family of Companies,owner/DM,no,,no,,"the right legal entity, ownership, decision-maker, phone"
florida,151,IBC Airways,other,yes,Joe Costigan   President,no,,who owns the company (no ownership statement found) and a published phone
las-vegas,15,Dotty’s / Nevada Restaurant Services,owner/DM,no,,no,,"ownership, decision-maker, phone. | Prior note: PE-backed. Verify."
las-vegas,17,Rebel Oil Company,owner/DM,no,,no,,"owner/decision-maker name and a Las Vegas phone (the number on the California air-district permit record is a 714 Hesperia line, not the LV office)"
las-vegas,21,Nevada Beverage Company,owner/DM,no,,yes,(702) 942-4200,current ownership and a named current officer (the only name surfacing is a marketing director). HQ phone per Datanyze company record
las-vegas,23,Khoury’s Fine Wine,owner/DM,no,,no,,"ownership, decision-maker, phone. | Prior note: Family-owned."
las-vegas,28,Mariana’s Supermarkets,owner/DM,no,,no,,"the owning family’s name, a named decision-maker and a published phone — the chain announces through Instagram rather than press releases, so no officer is named in any source found"
las-vegas,30,International Marketplace,owner/DM,no,,no,,"ownership, decision-maker, phone. | Prior note: Family-owned."
las-vegas,35,Nevada Beverage / Purveyors,owner/DM,no,,no,,"identity/ownership, decision-maker, phone. | Prior note: Family-owned."
las-vegas,39,Service Rock Products,owner/DM,no,,no,,"ownership, decision-maker, phone. | Prior note: Verify parent."
las-vegas,43,Nevada Ready Mix,owner/DM,no,,yes,(702) 457-1115,confirmation of family ownership and the current owner/president’s name and title
las-vegas,44,Sierra Ready Mix,owner/DM,no,,no,,"ownership, decision-maker, phone. | Prior note: Family-owned."
las-vegas,49,W.A. Richardson Builders,owner/DM,no,,no,,"ownership, decision-maker, phone. | Prior note: Family-owned."
las-vegas,53,Breslin Builders,owner/DM,no,,no,,"ownership, decision-maker, phone. | Prior note: Family-owned."
las-vegas,60,Harris Consulting Engineers,owner/DM,no,,yes,(702) 269-1575,the current owner/principal’s name and title and a current-year confirmation
las-vegas,64,CA Group / Carpenter Sellers,owner/DM,no,,yes,(702) 251-8896,current ownership/principals and a current-year confirmation
las-vegas,65,JMA Architecture Studios,owner/DM,no,,yes,(702) 731-2033,current principals/ownership and a current-year confirmation
las-vegas,66,KME Architects,owner/DM,no,,no,,"ownership, decision-maker, phone. | Prior note: Partner-owned."
las-vegas,68,Friedmutter Group,other,yes,Brad Friedmutter   Founder & CEO (per 2012 ranking; confirm current),yes,(702) 736-7477,"a current-year source confirming the firm’s status, size and that Friedmutter still leads it"
las-vegas,71,Southwest Steel,owner/DM,no,,no,,"identity/HQ, ownership, decision-maker, phone"
las-vegas,76,Bombard Electric,owner/DM,no,,no,,"ownership, decision-maker, phone. | Prior note: Family-owned since 1982."
las-vegas,79,Mojave Electric,owner/DM,no,,no,,"ownership, decision-maker, phone. | Prior note: Family-owned."
las-vegas,88,Frank Lepori Construction,owner/DM,no,,no,,"ownership, decision-maker, phone. | Prior note: Family-owned."
las-vegas,95,Gaudin Motor Company,owner/DM,no,,no,,"decision-maker, phone, size"
las-vegas,97,Desert 215 Superstore,owner/DM,no,,no,,"ownership, decision-maker, phone. | Prior note: Family-owned."
las-vegas,98,Centennial Hyundai,owner/DM,no,,no,,"ownership, decision-maker, phone. | Prior note: Family-owned."
las-vegas,99,Jim Marsh Automotive,owner/DM,no,,no,,"ownership, decision-maker, phone. | Prior note: Founder-owned since 1985."
las-vegas,101,Walters Group,owner/DM,no,,no,,"ownership confirmation, decision-maker, phone."
las-vegas,103,Olympia Companies,other,yes,Garry Goett   Chairman & CEO and founder,no,,a published phone number and a size figure; ownership presumed founder-held (not stated)
las-vegas,106,Focus Commercial Group,owner/DM,no,,no,,"ownership confirmation, decision-maker, phone."
las-vegas,107,Territory Inc.,owner/DM,no,,no,,"ownership confirmation, decision-maker, phone."
las-vegas,108,LandWell Company,owner/DM,no,,no,,"ownership confirmation, decision-maker, phone."
las-vegas,109,Tanager Development,owner/DM,no,,no,,"ownership confirmation, decision-maker, phone."
las-vegas,111,Dapper Companies,owner/DM,no,,no,,"ownership confirmation, decision-maker, phone."
las-vegas,112,Territory Development,owner/DM,no,,no,,"ownership confirmation, decision-maker, phone."
las-vegas,113,Wolfram Group,owner/DM,no,,no,,"ownership confirmation, decision-maker, phone."
las-vegas,115,Logic Commercial Real Estate,owner/DM,no,,no,,"ownership confirmation, decision-maker, phone."
las-vegas,116,Virtus Commercial,owner/DM,no,,no,,"ownership confirmation, decision-maker, phone."
las-vegas,117,Sun Commercial Real Estate,owner/DM,no,,no,,"ownership confirmation, decision-maker, phone."
las-vegas,118,MDL Group,owner/DM,no,,no,,"ownership confirmation, decision-maker, phone."
las-vegas,123,Signature Real Estate Group,owner/DM,no,,no,,"ownership confirmation, decision-maker, phone."
las-vegas,132,Kolesar & Leatham,owner/DM,no,,no,,"ownership confirmation, decision-maker, phone."
las-vegas,135,McDonald Carano,owner/DM,no,,no,,"ownership confirmation, decision-maker, phone."
las-vegas,138,Bailey Kennedy,owner/DM,no,,no,,"ownership confirmation, decision-maker, phone."
las-vegas,139,Marquis Aurbach,owner/DM,no,,no,,"ownership confirmation, decision-maker, phone."
las-vegas,140,Hutchison & Steffen,owner/DM,no,,no,,"ownership confirmation, decision-maker, phone."
las-vegas,143,Kirkwood Bank of Nevada,owner/DM,no,,no,,"ownership confirmation, decision-maker, phone."
las-vegas,145,Lexicon Bank,owner/DM,no,,no,,"ownership confirmation, decision-maker, phone."
las-vegas,150,Assurance Ltd,owner/DM,no,,no,,"ownership confirmation, decision-maker, phone."
las-vegas,152,Slater Hanifan Group,owner/DM,no,,no,,"ownership confirmation, decision-maker, phone."
las-vegas,153,VTN Nevada,owner/DM,no,,no,,"ownership confirmation, decision-maker, phone."
las-vegas,158,Herbal Alternatives,owner/DM,no,,no,,"ownership confirmation, decision-maker, phone."
las-vegas,159,Las Vegas Sign Company,owner/DM,no,,no,,"ownership confirmation, decision-maker, phone."
las-vegas,165,Vegas Fastener Manufacturing,owner/DM,no,,no,,"ownership confirmation, decision-maker, phone."
las-vegas,177,Bad Beat Brewing,owner/DM,no,,no,,"ownership confirmation, decision-maker, phone."
las-vegas,179,Big Dog’s Brewing,owner/DM,no,,no,,current owner/decision-maker and a published phone
las-vegas,180,Joseph James Brewing,owner/DM,no,,no,,"ownership confirmation, decision-maker, phone."
las-vegas,182,Able Baker Brewing,owner/DM,no,,no,,"ownership confirmation, decision-maker, phone."
las-vegas,184,Capriotti’s Sandwich Shop,other,yes,Ashley Morris   CEO (co-owner with Jason Smylie since 2008),no,,"ownership confirmation, phone, size"
michigan,61,Cadillac Asphalt,owner/DM,no,,yes,(248) 215-0359,confirmation of the parent/JV ownership the file flags and the current decision-maker
michigan,72,Bing Steel / Bing Group,owner/DM,no,,no,,"ownership/structure, decision-maker, phone. | Prior note: Verify current structure."
michigan,73,Detroit Manufacturing Systems,owner/DM,no,,no,,"ownership, decision-maker, phone. | Prior note: Verify ownership."
michigan,108,Alliance Beverage Michigan,owner/DM,no,,no,,the owning family/decision-maker’s name and title and a published phone
michigan,124,Superior Materials Holdings,owner/DM,no,,no,,"ownership, decision-maker, phone. | Prior note: Verify PE stake."
new-york,25,Frederick Wildman & Sons,other,yes,Matt Munn   President & COO,no,,"ownership, published phone, size"
new-york,111,Anchor Bar,owner/DM,no,,no,,"ownership, decision-maker, phone. | Prior note: Verify ownership. PARK — no independent ownership confirmation found for Anchor Bar (Buffalo, birthplace of the Buffalo wing) beyond general listings; no adverse signal eit"
ohio,19,Skyline Chili,other,yes,"Carl Stealey   CEO (appointed 2026; Dick Williams, Chairman)",no,,"ownership confirmation, phone, size"
ohio,34,Fisher Foods,owner/DM,no,,no,,"ownership, decision-maker, phone. | Prior note: Verify current structure."
ohio,52,Beverage Distributors Ohio,owner/DM,no,,no,,"ownership, decision-maker, phone. | Prior note: Verify parent."
ohio,53,Vintage Wine Distributors,owner/DM,no,,no,,"ownership, decision-maker, phone. | Prior note: Verify structure."
pennsylvania,44,Ryeco LLC,other,yes,"Mike Reilly Jr.   President (with Mike Reilly Sr.; Filindo Colace, VP ",yes,(215) 551-8883,which ownership statement is current
pennsylvania,53,Maplehofe Dairy,owner/DM,no,,no,,a published phone number (the PA Milk Board dealer list shows the Quarryville address but no number for this dealer) and the individual owner’s first name and title — ‘Glick family’ is as far as published sources go
pennsylvania,82,Ernest Bock & Sons,owner/DM,no,,yes,(215) 677-2625,the current owner/decision-maker’s name and title (directory lists only a VP) and a size figure
pennsylvania,97,Sota Construction,owner/DM,no,,yes,(412) 766-4630,"ownership confirmation, current decision-maker and title, size"
pennsylvania,99,Nello Construction,owner/DM,no,,yes,(724) 746-1900,"owner, decision-maker and title"
pennsylvania,111,E.G. Stoltzfus,owner/DM,no,,no,,"the name and title of the second-generation family member now running it, and a published phone"
pennsylvania,126,Neshaminy Constructors,other,yes,Francis A. ‘Tony’ Canuso Jr.   Contact of record (title not published),yes,(215) 322-2700,confirmation of family ownership (Canuso family presumed) and Canuso’s title
pennsylvania,172,Rouse Chamberlin Homes,owner/DM,no,,no,,"current ownership (the Rouse and Chamberlin founding names are not confirmed as present owners) and any named officer, plus a company phone"
pennsylvania,179,Costa Homebuilders,owner/DM,no,,no,,"the owner/principal’s name and title and a published phone — no company leadership page or directory entry naming an officer was found. Caution: Alfonso A. Costa’s Costa Land Company (Pittsburgh real-estate investor, pro"
pennsylvania,184,Kreamer Feed,owner/DM,no,,no,,the current Robinson running it (name and title) and a published phone
pennsylvania,195,Groff’s Meats,other,yes,"Nancy Groff   Co-owner, runs the business side (Frank and John Groff r",no,,see note
texas,11,Sunbelt Supply,owner/DM,no,,yes,713-937-5000,"ownership confirmation, decision-maker, phone. | Prior note: Industrial valve distributor. Verify PE ownership."
texas,13,Morrison Supply Company,owner/DM,no,,yes,817-336-0451,"ownership confirmation, decision-maker, phone. | Prior note: Verify ownership — possible PE."
texas,15,Wilson Industries,owner/DM,no,,yes,713-237-3700,"ownership confirmation, decision-maker, phone. | Prior note: Oilfield supply. Verify current parent."
texas,17,National Wine & Spirits of Texas,owner/DM,no,,no,,"ownership confirmation, decision-maker, phone. | Prior note: Verify ownership structure."
texas,18,Cotton Holdings,owner/DM,no,,yes,877-511-2962,"ownership confirmation, decision-maker, phone. | Prior note: Restoration and logistics. Verify PE stake."
texas,20,Cameron Ashley Building Products,owner/DM,no,,no,,"ownership confirmation, decision-maker, phone. | Prior note: Verify ownership."
texas,21,Elgin National Industries,owner/DM,no,,no,,"ownership confirmation, decision-maker, phone. | Prior note: Verify structure."
texas,24,Lucchese Bootmaker,owner/DM,no,,yes,915-778-8060,"ownership confirmation, decision-maker, phone. | Prior note: Verify PE ownership."
texas,27,Cooper Machinery Services,owner/DM,no,,no,,"ownership confirmation, decision-maker, phone. | Prior note: Verify PE ownership."
texas,31,Craftmade International,owner/DM,no,,no,,"ownership confirmation, decision-maker, phone. | Prior note: Verify ownership."
texas,52,Cadence McShane Construction,owner/DM,no,,yes,972-239-2336,"ownership confirmation, decision-maker, phone. | Prior note: Verify parent structure."
texas,55,Gattis Pizza,owner/DM,no,,no,,"ownership confirmation, decision-maker, phone. | Prior note: Verify ownership."
texas,66,Bealls Texas,owner/DM,no,,no,,"ownership confirmation, decision-maker, phone. | Prior note: Verify structure."
texas,98,FFE Transportation,owner/DM,no,,yes,214-630-8090,"ownership confirmation, decision-maker, phone. | Prior note: Verify ownership."
texas,115,Lone Star Fasteners,owner/DM,no,,no,,"ownership confirmation, decision-maker, phone. | Prior note: Verify ownership."
